"filename", "language", "vue", "Markdown", "TypeScript", "SCSS", "HTML", "JSON", "YAML", "comment", "blank", "total"
"k:\AiChat\tavern_helper_template\dist\src\什么我要在玄幻修仙世界种田-0楼版本\index.html", "HTML", 0, 0, 0, 0, 628, 0, 0, 0, 9, 637
"k:\AiChat\tavern_helper_template\dist\src\什么我要在玄幻修仙世界种田\index.html", "HTML", 0, 0, 0, 0, 53, 0, 0, 0, 0, 53
"k:\AiChat\tavern_helper_template\package-lock.json", "JSON", 0, 0, 0, 0, 0, 10, 0, 0, 0, 10
"k:\AiChat\tavern_helper_template\package.json", "JSON", 0, 0, 0, 0, 0, 1, 0, 0, 0, 1
"k:\AiChat\tavern_helper_template\src\什么我要在玄van修仙世界种田-0楼版本\ui\sidePanel.ts", "TypeScript", 0, 0, -2, 0, 0, 0, 0, -2, -1, -5
"k:\AiChat\tavern_helper_template\src\什么我要在玄幻修-0楼版本\ui\modals\settings.ts", "TypeScript", 0, 0, -112, 0, 0, 0, 0, -25, -20, -157
"k:\AiChat\tavern_helper_template\src\什么我要在玄幻修仙世界种田-0楼版本\0楼卡的编写——从架构到落地.md", "Markdown", 0, 400, 0, 0, 0, 0, 0, 0, 165, 565
"k:\AiChat\tavern_helper_template\src\什么我要在玄幻修仙世界种田-0楼版本\App.vue", "vue", 22, 0, 0, 0, 0, 0, 0, 1, 4, 27
"k:\AiChat\tavern_helper_template\src\什么我要在玄幻修仙世界种田-0楼版本\Test.yaml", "YAML", 0, 0, 0, 0, 0, 0, -5102, 0, -510, -5612
"k:\AiChat\tavern_helper_template\src\什么我要在玄幻修仙世界种田-0楼版本\components\MainMenu.vue", "vue", 3, 0, 0, 0, 0, 0, 0, 0, 6, 9
"k:\AiChat\tavern_helper_template\src\什么我要在玄幻修仙世界种田-0楼版本\components\TopBar.vue", "vue", 5, 0, 0, 0, 0, 0, 0, 0, 0, 5
"k:\AiChat\tavern_helper_template\src\什么我要在玄幻修仙世界种田-0楼版本\components\WorldviewSettings.vue", "vue", 286, 0, 0, 0, 0, 0, 0, 5, 23, 314
"k:\AiChat\tavern_helper_template\src\什么我要在玄幻修仙世界种田-0楼版本\components\debug\LogViewer.vue", "vue", 3, 0, 0, 0, 0, 0, 0, 0, 0, 3
"k:\AiChat\tavern_helper_template\src\什么我要在玄幻修仙世界种田-0楼版本\components\modals\ConfirmModal.vue", "vue", 54, 0, 0, 0, 0, 0, 0, 0, 9, 63
"k:\AiChat\tavern_helper_template\src\什么我要在玄幻修仙世界种田-0楼版本\components\modals\DetailsModal.vue", "vue", 142, 0, 0, 0, 0, 0, 0, 4, 17, 163
"k:\AiChat\tavern_helper_template\src\什么我要在玄幻修仙世界种田-0楼版本\components\modals\PokedexManagerModal.vue", "vue", 54, 0, 0, 0, 0, 0, 0, 3, 5, 62
"k:\AiChat\tavern_helper_template\src\什么我要在玄幻修仙世界种田-0楼版本\components\modals\SettingsModal.vue", "vue", 252, 0, 0, 0, 0, 0, 0, 6, 13, 271
"k:\AiChat\tavern_helper_template\src\什么我要在玄幻修仙世界种田-0楼版本\components\pokedex\PokedexList.vue", "vue", 18, 0, 0, 0, 0, 0, 0, 0, 1, 19
"k:\AiChat\tavern_helper_template\src\什么我要在玄幻修仙世界种田-0楼版本\components\pokedex\PokedexTab.vue", "vue", -9, 0, 0, 0, 0, 0, 0, 0, -2, -11
"k:\AiChat\tavern_helper_template\src\什么我要在玄幻修仙世界种田-0楼版本\components\setup\SetupScreen.vue", "vue", 72, 0, 0, 0, 0, 0, 0, 3, 4, 79
"k:\AiChat\tavern_helper_template\src\什么我要在玄幻修仙世界种田-0楼版本\components\story\StoryPanel.vue", "vue", 6, 0, 0, 0, 0, 0, 0, 0, 0, 6
"k:\AiChat\tavern_helper_template\src\什么我要在玄幻修仙世界种田-0楼版本\components\system\LoadingScreen.vue", "vue", 109, 0, 0, 0, 0, 0, 0, 3, 17, 129
"k:\AiChat\tavern_helper_template\src\什么我要在玄幻修仙世界种田-0楼版本\components\system\RetroactiveSignInPanel.vue", "vue", -9, 0, 0, 0, 0, 0, 0, 0, 0, -9
"k:\AiChat\tavern_helper_template\src\什么我要在玄幻修仙世界种田-0楼版本\components\team\CharacterCard.vue", "vue", 6, 0, 0, 0, 0, 0, 0, 2, 0, 8
"k:\AiChat\tavern_helper_template\src\什么我要在玄幻修仙世界种田-0楼版本\components\team\RelationsTab.vue", "vue", -13, 0, 0, 0, 0, 0, 0, 0, -1, -14
"k:\AiChat\tavern_helper_template\src\什么我要在玄幻修仙世界种田-0楼版本\components\world\MapDisplay.vue", "vue", 71, 0, 0, 0, 0, 0, 0, 3, 13, 87
"k:\AiChat\tavern_helper_template\src\什么我要在玄幻修仙世界种田-0楼版本\components\world\WorldTab.vue", "vue", 16, 0, 0, 0, 0, 0, 0, 1, 1, 18
"k:\AiChat\tavern_helper_template\src\什么我要在玄幻修仙世界种田-0楼版本\core\actions.ts", "TypeScript", 0, 0, 2, 0, 0, 0, 0, 0, 0, 2
"k:\AiChat\tavern_helper_template\src\什么我要在玄幻修仙世界种田-0楼版本\core\discovery.ts", "TypeScript", 0, 0, 36, 0, 0, 0, 0, 12, 14, 62
"k:\AiChat\tavern_helper_template\src\什么我要在玄幻修仙世界种田-0楼版本\core\events\worldChangeHandler.ts", "TypeScript", 0, 0, 16, 0, 0, 0, 0, 3, 2, 21
"k:\AiChat\tavern_helper_template\src\什么我要在玄幻修仙世界种田-0楼版本\core\generation.ts", "TypeScript", 0, 0, 122, 0, 0, 0, 0, 23, 7, 152
"k:\AiChat\tavern_helper_template\src\什么我要在玄幻修仙世界种田-0楼版本\core\history.ts", "TypeScript", 0, 0, 29, 0, 0, 0, 0, 13, 7, 49
"k:\AiChat\tavern_helper_template\src\什么我要在玄幻修仙世界种田-0楼版本\core\parser.ts", "TypeScript", 0, 0, -24, 0, 0, 0, 0, -9, -8, -41
"k:\AiChat\tavern_helper_template\src\什么我要在玄幻修仙世界种田-0楼版本\core\pip.ts", "TypeScript", 0, 0, 101, 0, 0, 0, 0, 26, 21, 148
"k:\AiChat\tavern_helper_template\src\什么我要在玄幻修仙世界种田-0楼版本\core\pokedex.ts", "TypeScript", 0, 0, -1, 0, 0, 0, 0, 0, 0, -1
"k:\AiChat\tavern_helper_template\src\什么我要在玄幻修仙世界种田-0楼版本\core\promptManager.ts", "TypeScript", 0, 0, 125, 0, 0, 0, 0, 11, 12, 148
"k:\AiChat\tavern_helper_template\src\什么我要在玄幻修仙世界种田-0楼版本\core\reactiveMessageBus.ts", "TypeScript", 0, 0, 4, 0, 0, 0, 0, 0, 0, 4
"k:\AiChat\tavern_helper_template\src\什么我要在玄幻修仙世界种田-0楼版本\core\renderer.ts", "TypeScript", 0, 0, 4, 0, 0, 0, 0, -2, 0, 2
"k:\AiChat\tavern_helper_template\src\什么我要在玄幻修仙世界种田-0楼版本\core\secondaryLlmApi.ts", "TypeScript", 0, 0, 86, 0, 0, 0, 0, 1, 14, 101
"k:\AiChat\tavern_helper_template\src\什么我要在玄幻修仙世界种田-0楼版本\core\stateUpdater.ts", "TypeScript", 0, 0, 163, 0, 0, 0, 0, 16, 18, 197
"k:\AiChat\tavern_helper_template\src\什么我要在玄幻修仙世界种田-0楼版本\core\storeOrchestrator.ts", "TypeScript", 0, 0, 36, 0, 0, 0, 0, 3, 3, 42
"k:\AiChat\tavern_helper_template\src\什么我要在玄幻修仙世界种田-0楼版本\core\summarizer.ts", "TypeScript", 0, 0, 43, 0, 0, 0, 0, -2, 9, 50
"k:\AiChat\tavern_helper_template\src\什么我要在玄幻修仙世界种田-0楼版本\core\ui-checks.ts", "TypeScript", 0, 0, 26, 0, 0, 0, 0, 5, 5, 36
"k:\AiChat\tavern_helper_template\src\什么我要在玄幻修仙世界种田-0楼版本\core\utils.ts", "TypeScript", 0, 0, 57, 0, 0, 0, 0, 16, 16, 89
"k:\AiChat\tavern_helper_template\src\什么我要在玄幻修仙世界种田-0楼版本\core\utils\pathfinder.ts", "TypeScript", 0, 0, 70, 0, 0, 0, 0, 26, 20, 116
"k:\AiChat\tavern_helper_template\src\什么我要在玄幻修仙世界种田-0楼版本\core\variables.ts", "TypeScript", 0, 0, -47, 0, 0, 0, 0, 9, -4, -42
"k:\AiChat\tavern_helper_template\src\什么我要在玄幻修仙世界种田-0楼版本\core\world-initializer.ts", "TypeScript", 0, 0, 186, 0, 0, 0, 0, 22, 20, 228
"k:\AiChat\tavern_helper_template\src\什么我要在玄幻修仙世界种田-0楼版本\data\prompts-data.ts", "TypeScript", 0, 0, -959, 0, 0, 0, 0, 0, -95, -1054
"k:\AiChat\tavern_helper_template\src\什么我要在玄幻修仙世界种田-0楼版本\data\prompts\achievement.ts", "TypeScript", 0, 0, 56, 0, 0, 0, 0, 0, 4, 60
"k:\AiChat\tavern_helper_template\src\什么我要在玄幻修仙世界种田-0楼版本\data\prompts\barter.ts", "TypeScript", 0, 0, 126, 0, 0, 0, 0, 0, 8, 134
"k:\AiChat\tavern_helper_template\src\什么我要在玄幻修仙世界种田-0楼版本\data\prompts\base.ts", "TypeScript", 0, 0, 687, 0, 0, 0, 0, 0, 55, 742
"k:\AiChat\tavern_helper_template\src\什么我要在玄幻修仙世界种田-0楼版本\data\prompts\index.ts", "TypeScript", 0, 0, 16, 0, 0, 0, 0, 0, 1, 17
"k:\AiChat\tavern_helper_template\src\什么我要在玄幻修仙世界种田-0楼版本\data\prompts\none.ts", "TypeScript", 0, 0, 59, 0, 0, 0, 0, 0, 4, 63
"k:\AiChat\tavern_helper_template\src\什么我要在玄幻修仙世界种田-0楼版本\data\prompts\quest.ts", "TypeScript", 0, 0, 72, 0, 0, 0, 0, 0, 7, 79
"k:\AiChat\tavern_helper_template\src\什么我要在玄幻修仙世界种田-0楼版本\data\prompts\signIn.ts", "TypeScript", 0, 0, 117, 0, 0, 0, 0, 0, 8, 125
"k:\AiChat\tavern_helper_template\src\什么我要在玄幻修仙世界种田-0楼版本\data\prompts\skillPanel.ts", "TypeScript", 0, 0, 111, 0, 0, 0, 0, 0, 16, 127
"k:\AiChat\tavern_helper_template\src\什么我要在玄幻修仙世界种田-0楼版本\data\ranks-data.ts", "TypeScript", 0, 0, 59, 0, 0, 0, 0, 49, 8, 116
"k:\AiChat\tavern_helper_template\src\什么我要在玄幻修仙世界种田-0楼版本\data\worldview-data.ts", "TypeScript", 0, 0, 27, 0, 0, 0, 0, 31, 8, 66
"k:\AiChat\tavern_helper_template\src\什么我要在玄幻修仙世界种田-0楼版本\data\worldview-presets-data.ts", "TypeScript", 0, 0, 206, 0, 0, 0, 0, 0, 6, 212
"k:\AiChat\tavern_helper_template\src\什么我要在玄幻修仙世界种田-0楼版本\debug_file\xuanhuan-variable-世界-2025-08-31T11_30_39.730Z.json", "JSON", 0, 0, 0, 0, 0, -597, 0, 0, 0, -597
"k:\AiChat\tavern_helper_template\src\什么我要在玄幻修仙世界种田-0楼版本\debug_file\xuanhuan-variable-角色-2025-08-31T11_30_58.696Z.json", "JSON", 0, 0, 0, 0, 0, -137, 0, 0, 0, -137
"k:\AiChat\tavern_helper_template\src\什么我要在玄幻修仙世界种田-0楼版本\docs\Core\CHAT_FLOW_SPEC.md", "Markdown", 0, 36, 0, 0, 0, 0, 0, 0, 13, 49
"k:\AiChat\tavern_helper_template\src\什么我要在玄幻修仙世界种田-0楼版本\docs\Core\REACTIVE_STATE_SPEC.md", "Markdown", 0, -21, 0, 0, 0, 0, 0, 0, -4, -25
"k:\AiChat\tavern_helper_template\src\什么我要在玄幻修仙世界种田-0楼版本\docs\FINAL_ARCHITECTURE.md", "Markdown", 0, 77, 0, 0, 0, 0, 0, 0, 22, 99
"k:\AiChat\tavern_helper_template\src\什么我要在玄幻修仙世界种田-0楼版本\docs\GamePlay\MODULE_DESIGN_ACHIEVEMENT.md", "Markdown", 0, 1, 0, 0, 0, 0, 0, 0, 6, 7
"k:\AiChat\tavern_helper_template\src\什么我要在玄幻修仙世界种田-0楼版本\docs\GamePlay\MODULE_DESIGN_CHARACTER.md", "Markdown", 0, -9, 0, 0, 0, 0, 0, 0, -4, -13
"k:\AiChat\tavern_helper_template\src\什么我要在玄幻修仙世界种田-0楼版本\docs\GamePlay\MODULE_DESIGN_ITEM.md", "Markdown", 0, 89, 0, 0, 0, 0, 0, 0, 29, 118
"k:\AiChat\tavern_helper_template\src\什么我要在玄幻修仙世界种田-0楼版本\docs\GamePlay\MODULE_DESIGN_MAP.md", "Markdown", 0, 90, 0, 0, 0, 0, 0, 0, 28, 118
"k:\AiChat\tavern_helper_template\src\什么我要在玄幻修仙世界种田-0楼版本\docs\GamePlay\MODULE_DESIGN_PHONE.md", "Markdown", 0, 104, 0, 0, 0, 0, 0, 0, 27, 131
"k:\AiChat\tavern_helper_template\src\什么我要在玄幻修仙世界种田-0楼版本\docs\GamePlay\MODULE_DESIGN_POKEDEX_SPEC.md", "Markdown", 0, 2, 0, 0, 0, 0, 0, 0, 0, 2
"k:\AiChat\tavern_helper_template\src\什么我要在玄幻修仙世界种田-0楼版本\docs\GamePlay\MODULE_DESIGN_QUEST.md", "Markdown", 0, -244, 0, 0, 0, 0, 0, 0, -40, -284
"k:\AiChat\tavern_helper_template\src\什么我要在玄幻修仙世界种田-0楼版本\docs\GamePlay\MODULE_DESIGN_RELATIONS.md", "Markdown", 0, 90, 0, 0, 0, 0, 0, 0, 28, 118
"k:\AiChat\tavern_helper_template\src\什么我要在玄幻修仙世界种田-0楼版本\docs\GamePlay\MODULE_DESIGN_RUMOR.md", "Markdown", 0, 0, 0, 0, 0, 0, 0, 0, 6, 6
"k:\AiChat\tavern_helper_template\src\什么我要在玄幻修仙世界种田-0楼版本\docs\GamePlay\MODULE_DESIGN_SIGNIN.md", "Markdown", 0, -23, 0, 0, 0, 0, 0, 0, -4, -27
"k:\AiChat\tavern_helper_template\src\什么我要在玄幻修仙世界种田-0楼版本\docs\GamePlay\MODULE_DESIGN_SKILL.md", "Markdown", 0, 4, 0, 0, 0, 0, 0, 0, 5, 9
"k:\AiChat\tavern_helper_template\src\什么我要在玄幻修仙世界种田-0楼版本\docs\GamePlay\MODULE_DESIGN_WEATHER.md", "Markdown", 0, -4, 0, 0, 0, 0, 0, 0, 0, -4
"k:\AiChat\tavern_helper_template\src\什么我要在玄幻修仙世界种田-0楼版本\docs\GamePlay\MODULE_DESIGN_WORLD.md", "Markdown", 0, 45, 0, 0, 0, 0, 0, 0, 21, 66
"k:\AiChat\tavern_helper_template\src\什么我要在玄幻修仙世界种田-0楼版本\docs\GamePlay\PROMPT_DESIGN_WORLD_GENERATION.md", "Markdown", 0, 155, 0, 0, 0, 0, 0, 0, 40, 195
"k:\AiChat\tavern_helper_template\src\什么我要在玄幻修仙世界种田-0楼版本\docs\INDEX.md", "Markdown", 0, -16, 0, 0, 0, 0, 0, 0, -9, -25
"k:\AiChat\tavern_helper_template\src\什么我要在玄幻修仙世界种田-0楼版本\docs\MODULAR_INTEGRATION_SPEC.md", "Markdown", 0, -110, 0, 0, 0, 0, 0, 0, -30, -140
"k:\AiChat\tavern_helper_template\src\什么我要在玄幻修仙世界种田-0楼版本\docs\MODULE_INTERACTION_SPEC.md", "Markdown", 0, -63, 0, 0, 0, 0, 0, 0, -13, -76
"k:\AiChat\tavern_helper_template\src\什么我要在玄幻修仙世界种田-0楼版本\docs\Plugin\AUTO_POKEDEX_COMPLETION_SPEC.md", "Markdown", 0, 64, 0, 0, 0, 0, 0, 0, 25, 89
"k:\AiChat\tavern_helper_template\src\什么我要在玄幻修仙世界种田-0楼版本\docs\Plugin\AUTO_SUMMARY_SPEC.md", "Markdown", 0, 52, 0, 0, 0, 0, 0, 0, 24, 76
"k:\AiChat\tavern_helper_template\src\什么我要在玄幻修仙世界种田-0楼版本\docs\Plugin\FuzzySearch.md", "Markdown", 0, 135, 0, 0, 0, 0, 0, 1, 41, 177
"k:\AiChat\tavern_helper_template\src\什么我要在玄幻修仙世界种田-0楼版本\docs\Plugin\SECONDARY_LLM_API_SPEC.md", "Markdown", 0, 18, 0, 0, 0, 0, 0, 0, 6, 24
"k:\AiChat\tavern_helper_template\src\什么我要在玄幻修仙世界种田-0楼版本\docs\Plugin\SMART_CONTEXT_SPEC.md", "Markdown", 0, -20, 0, 0, 0, 0, 0, 0, -3, -23
"k:\AiChat\tavern_helper_template\src\什么我要在玄幻修仙世界种田-0楼版本\docs\Plugin\SmartSearch_Integration.md", "Markdown", 0, 78, 0, 0, 0, 0, 0, 0, 29, 107
"k:\AiChat\tavern_helper_template\src\什么我要在玄幻修仙世界种田-0楼版本\docs\SAVE_SYSTEM_SPEC.md", "Markdown", 0, -70, 0, 0, 0, 0, 0, 0, -19, -89
"k:\AiChat\tavern_helper_template\src\什么我要在玄幻修仙世界种田-0楼版本\docs\developer\DEVELOPER_CHEATSHEET.md", "Markdown", 0, -223, 0, 0, 0, 0, 0, 0, -112, -335
"k:\AiChat\tavern_helper_template\src\什么我要在玄幻修仙世界种田-0楼版本\docs\developer\FUSEJS_INTEGRATION.md", "Markdown", 0, 240, 0, 0, 0, 0, 0, 0, 82, 322
"k:\AiChat\tavern_helper_template\src\什么我要在玄幻修仙世界种田-0楼版本\docs\old\MODULAR_INTEGRATION_SPEC.md", "Markdown", 0, 110, 0, 0, 0, 0, 0, 0, 30, 140
"k:\AiChat\tavern_helper_template\src\什么我要在玄幻修仙世界种田-0楼版本\docs\old\MODULE_INTERACTION_SPEC.md", "Markdown", 0, 88, 0, 0, 0, 0, 0, 0, 15, 103
"k:\AiChat\tavern_helper_template\src\什么我要在玄幻修仙世界种田-0楼版本\docs\old\SAVE_SYSTEM_SPEC.md", "Markdown", 0, 70, 0, 0, 0, 0, 0, 0, 19, 89
"k:\AiChat\tavern_helper_template\src\什么我要在玄幻修仙世界种田-0楼版本\docs\old\VARIABLES_SPEC.md", "Markdown", 0, 12, 0, 0, 0, 0, 0, 0, -4, 8
"k:\AiChat\tavern_helper_template\src\什么我要在玄幻修仙世界种田-0楼版本\index.html", "HTML", 0, 0, 0, 0, 1, 0, 0, 0, 0, 1
"k:\AiChat\tavern_helper_template\src\什么我要在玄幻修仙世界种田-0楼版本\index.scss", "SCSS", 0, 0, 0, 1, 0, 0, 0, 0, 0, 1
"k:\AiChat\tavern_helper_template\src\什么我要在玄幻修仙世界种田-0楼版本\index.ts", "TypeScript", 0, 0, 90, 0, 0, 0, 0, 33, 10, 133
"k:\AiChat\tavern_helper_template\src\什么我要在玄幻修仙世界种田-0楼版本\modules\setup\types.ts", "TypeScript", 0, 0, 23, 0, 0, 0, 0, 0, 6, 29
"k:\AiChat\tavern_helper_template\src\什么我要在玄幻修仙世界种田-0楼版本\modules\smartContext\contextLinker.ts", "TypeScript", 0, 0, 115, 0, 0, 0, 0, 6, 15, 136
"k:\AiChat\tavern_helper_template\src\什么我要在玄幻修仙世界种田-0楼版本\stores\app\apiProfileStore.ts", "TypeScript", 0, 0, 33, 0, 0, 0, 0, 6, 6, 45
"k:\AiChat\tavern_helper_template\src\什么我要在玄幻修仙世界种田-0楼版本\stores\app\generationStore.ts", "TypeScript", 0, 0, 4, 0, 0, 0, 0, 0, 0, 4
"k:\AiChat\tavern_helper_template\src\什么我要在玄幻修仙世界种田-0楼版本\stores\core\characterStore.ts", "TypeScript", 0, 0, -128, 0, 0, 0, 0, -10, -18, -156
"k:\AiChat\tavern_helper_template\src\什么我要在玄幻修仙世界种田-0楼版本\stores\core\eventLogStore.ts", "TypeScript", 0, 0, 17, 0, 0, 0, 0, 4, -1, 20
"k:\AiChat\tavern_helper_template\src\什么我要在玄幻修仙世界种田-0楼版本\stores\core\itemStore.ts", "TypeScript", 0, 0, -131, 0, 0, 0, 0, -5, -24, -160
"k:\AiChat\tavern_helper_template\src\什么我要在玄幻修仙世界种田-0楼版本\stores\core\worldStore.ts", "TypeScript", 0, 0, 501, 0, 0, 0, 0, 34, 48, 583
"k:\AiChat\tavern_helper_template\src\什么我要在玄幻修仙世界种田-0楼版本\stores\facades\characterStore.ts", "TypeScript", 0, 0, 25, 0, 0, 0, 0, 3, 7, 35
"k:\AiChat\tavern_helper_template\src\什么我要在玄幻修仙世界种田-0楼版本\stores\facades\itemStore.ts", "TypeScript", 0, 0, 40, 0, 0, 0, 0, 17, 8, 65
"k:\AiChat\tavern_helper_template\src\什么我要在玄幻修仙世界种田-0楼版本\stores\modules\searchStore.ts", "TypeScript", 0, 0, 61, 0, 0, 0, 0, 23, 10, 94
"k:\AiChat\tavern_helper_template\src\什么我要在玄幻修仙世界种田-0楼版本\stores\modules\smartContextStore.ts", "TypeScript", 0, 0, 126, 0, 0, 0, 0, 23, 16, 165
"k:\AiChat\tavern_helper_template\src\什么我要在玄幻修仙世界种田-0楼版本\stores\systems\achievementStore.ts", "TypeScript", 0, 0, -12, 0, 0, 0, 0, -1, -4, -17
"k:\AiChat\tavern_helper_template\src\什么我要在玄幻修仙世界种田-0楼版本\stores\systems\adventureStore.ts", "TypeScript", 0, 0, 20, 0, 0, 0, 0, 11, 5, 36
"k:\AiChat\tavern_helper_template\src\什么我要在玄幻修仙世界种田-0楼版本\stores\systems\barterStore.ts", "TypeScript", 0, 0, -70, 0, 0, 0, 0, -6, -17, -93
"k:\AiChat\tavern_helper_template\src\什么我要在玄幻修仙世界种田-0楼版本\stores\systems\mapStore.ts", "TypeScript", 0, 0, 17, 0, 0, 0, 0, 6, 6, 29
"k:\AiChat\tavern_helper_template\src\什么我要在玄幻修仙世界种田-0楼版本\stores\systems\pokedexStore.ts", "TypeScript", 0, 0, 314, 0, 0, 0, 0, 54, 55, 423
"k:\AiChat\tavern_helper_template\src\什么我要在玄幻修仙世界种田-0楼版本\stores\systems\questStore.ts", "TypeScript", 0, 0, -23, 0, 0, 0, 0, 3, 1, -19
"k:\AiChat\tavern_helper_template\src\什么我要在玄幻修仙世界种田-0楼版本\stores\systems\relationsStore.ts", "TypeScript", 0, 0, -27, 0, 0, 0, 0, 6, -4, -25
"k:\AiChat\tavern_helper_template\src\什么我要在玄幻修仙世界种田-0楼版本\stores\systems\rumorStore.ts", "TypeScript", 0, 0, 151, 0, 0, 0, 0, 13, 22, 186
"k:\AiChat\tavern_helper_template\src\什么我要在玄幻修仙世界种田-0楼版本\stores\systems\shelterStore.ts", "TypeScript", 0, 0, -68, 0, 0, 0, 0, 8, -15, -75
"k:\AiChat\tavern_helper_template\src\什么我要在玄幻修仙世界种田-0楼版本\stores\systems\signInStore.ts", "TypeScript", 0, 0, -38, 0, 0, 0, 0, -7, -6, -51
"k:\AiChat\tavern_helper_template\src\什么我要在玄幻修仙世界种田-0楼版本\stores\systems\skillStore.ts", "TypeScript", 0, 0, -30, 0, 0, 0, 0, -9, -5, -44
"k:\AiChat\tavern_helper_template\src\什么我要在玄幻修仙世界种田-0楼版本\stores\systems\timeStore.ts", "TypeScript", 0, 0, -5, 0, 0, 0, 0, -6, 1, -10
"k:\AiChat\tavern_helper_template\src\什么我要在玄幻修仙世界种田-0楼版本\stores\systems\weatherStore.ts", "TypeScript", 0, 0, -25, 0, 0, 0, 0, 2, -4, -27
"k:\AiChat\tavern_helper_template\src\什么我要在玄幻修仙世界种田-0楼版本\stores\ui\actionStore.ts", "TypeScript", 0, 0, 27, 0, 0, 0, 0, -1, 3, 29
"k:\AiChat\tavern_helper_template\src\什么我要在玄幻修仙世界种田-0楼版本\stores\ui\confirmStore.ts", "TypeScript", 0, 0, 47, 0, 0, 0, 0, 0, 8, 55
"k:\AiChat\tavern_helper_template\src\什么我要在玄幻修仙世界种田-0楼版本\stores\ui\detailsStore.ts", "TypeScript", 0, 0, 34, 0, 0, 0, 0, 1, 3, 38
"k:\AiChat\tavern_helper_template\src\什么我要在玄幻修仙世界种田-0楼版本\stores\ui\historyStore.ts", "TypeScript", 0, 0, -25, 0, 0, 0, 0, 96, 3, 74
"k:\AiChat\tavern_helper_template\src\什么我要在玄幻修仙世界种田-0楼版本\stores\ui\mainMenuStore.ts", "TypeScript", 0, 0, 8, 0, 0, 0, 0, 4, 3, 15
"k:\AiChat\tavern_helper_template\src\什么我要在玄幻修仙世界种田-0楼版本\stores\ui\settingsStore.ts", "TypeScript", 0, 0, -36, 0, 0, 0, 0, -3, -1, -40
"k:\AiChat\tavern_helper_template\src\什么我要在玄幻修仙世界种田-0楼版本\stores\ui\setupStore.ts", "TypeScript", 0, 0, 75, 0, 0, 0, 0, 3, 8, 86
"k:\AiChat\tavern_helper_template\src\什么我要在玄幻修仙世界种田-0楼版本\stores\ui\storyStore.ts", "TypeScript", 0, 0, 16, 0, 0, 0, 0, 11, 3, 30
"k:\AiChat\tavern_helper_template\src\什么我要在玄幻修仙世界种田-0楼版本\types.ts", "TypeScript", 0, 0, 129, 0, 0, 0, 0, 3, 16, 148
"k:\AiChat\tavern_helper_template\src\什么我要在玄幻修仙世界种田-Vue版本\App.vue", "vue", -32, 0, 0, 0, 0, 0, 0, 0, -5, -37
"k:\AiChat\tavern_helper_template\src\什么我要在玄幻修仙世界种田-Vue版本\components\CharacterStatus.vue", "vue", -56, 0, 0, 0, 0, 0, 0, 0, -7, -63
"k:\AiChat\tavern_helper_template\src\什么我要在玄幻修仙世界种田-Vue版本\components\WorldInfo.vue", "vue", -34, 0, 0, 0, 0, 0, 0, 0, -5, -39
"k:\AiChat\tavern_helper_template\src\什么我要在玄幻修仙世界种田-Vue版本\index.html", "HTML", 0, 0, 0, 0, -11, 0, 0, 0, -1, -12
"k:\AiChat\tavern_helper_template\src\什么我要在玄幻修仙世界种田-Vue版本\index.ts", "TypeScript", 0, 0, -9, 0, 0, 0, 0, -1, -3, -13
"k:\AiChat\tavern_helper_template\src\什么我要在玄幻修仙世界种田-Vue版本\stores\characterStore.ts", "TypeScript", 0, 0, -126, 0, 0, 0, 0, -19, -16, -161
"k:\AiChat\tavern_helper_template\src\什么我要在玄幻修仙世界种田-Vue版本\stores\worldStore.ts", "TypeScript", 0, 0, -105, 0, 0, 0, 0, -5, -12, -122
"k:\AiChat\tavern_helper_template\src\什么我要在玄幻修仙世界种田-第一条消息\FirstMes.html", "HTML", 0, 0, 0, 0, -283, 0, 0, -39, -22, -344
"k:\AiChat\tavern_helper_template\src\什么我要在玄幻修仙世界种田-第一条消息\FirstMes.scss", "SCSS", 0, 0, 0, -219, 0, 0, 0, -12, -36, -267
"k:\AiChat\tavern_helper_template\src\什么我要在玄幻修仙世界种田-第一条消息\FirstMes.ts", "TypeScript", 0, 0, -15, 0, 0, 0, 0, -2, -4, -21
"k:\AiChat\tavern_helper_template\src\什么我要在玄幻修仙世界种田-第一条消息\Test.html", "HTML", 0, 0, 0, 0, -818, 0, 0, -29, -111, -958
"k:\AiChat\tavern_helper_template\src\什么我要在玄幻修仙世界种田-第一条消息\core\chat.ts", "TypeScript", 0, 0, -117, 0, 0, 0, 0, -10, -13, -140
"k:\AiChat\tavern_helper_template\src\什么我要在玄幻修仙世界种田-第一条消息\core\main.ts", "TypeScript", 0, 0, -285, 0, 0, 0, 0, -25, -41, -351
"k:\AiChat\tavern_helper_template\src\什么我要在玄幻修仙世界种田-第一条消息\data\constants.ts", "TypeScript", 0, 0, -78, 0, 0, 0, 0, 0, -14, -92
"k:\AiChat\tavern_helper_template\src\什么我要在玄幻修仙世界种田-第一条消息\models\types.ts", "TypeScript", 0, 0, -20, 0, 0, 0, 0, -1, -4, -25
"k:\AiChat\tavern_helper_template\src\什么我要在玄幻修仙世界种田-第一条消息\regex-第一条消息正则v0_3_1.json", "JSON", 0, 0, 0, 0, 0, -18, 0, 0, 0, -18
"k:\AiChat\tavern_helper_template\src\什么我要在玄幻修仙世界种田-第一条消息\ui\characterName.ts", "TypeScript", 0, 0, -40, 0, 0, 0, 0, 0, -9, -49
"k:\AiChat\tavern_helper_template\src\什么我要在玄幻修仙世界种田-第一条消息\ui\renderer.ts", "TypeScript", 0, 0, -49, 0, 0, 0, 0, -1, -4, -54
"k:\AiChat\tavern_helper_template\src\什么我要在玄幻修仙世界种田-第一条消息\ui\tabs.ts", "TypeScript", 0, 0, -11, 0, 0, 0, 0, 0, -3, -14
"k:\AiChat\tavern_helper_template\src\什么我要在玄幻修仙世界种田-第一条消息\ui\versionChecker.ts", "TypeScript", 0, 0, -27, 0, 0, 0, 0, -3, -6, -36
"k:\AiChat\tavern_helper_template\src\什么我要在玄幻修仙世界种田\Test.json", "JSON", 0, 0, 0, 0, 0, -93, 0, 0, -1, -94
"k:\AiChat\tavern_helper_template\src\什么我要在玄幻修仙世界种田\Test.yaml", "YAML", 0, 0, 0, 0, 0, 0, -35, 0, -1, -36
"k:\AiChat\tavern_helper_template\src\什么我要在玄幻修仙世界种田\index.html", "HTML", 0, 0, 0, 0, -296, 0, 0, -67, -36, -399
"k:\AiChat\tavern_helper_template\src\什么我要在玄幻修仙世界种田\index.scss", "SCSS", 0, 0, 0, -475, 0, 0, 0, -34, -83, -592
"k:\AiChat\tavern_helper_template\src\什么我要在玄幻修仙世界种田\index.ts", "TypeScript", 0, 0, -1837, 0, 0, 0, 0, -47, -258, -2142
"k:\AiChat\tavern_helper_template\src\什么我要在玄幻修仙世界种田\parser.ts", "TypeScript", 0, 0, -28, 0, 0, 0, 0, -9, -10, -47
"k:\AiChat\tavern_helper_template\src\什么我要在玄幻修仙世界种田\pokedex-data.json", "JSON", 0, 0, 0, 0, 0, -338, 0, 0, -1, -339
"k:\AiChat\tavern_helper_template\src\什么我要在玄幻修仙世界种田\pokedex.ts", "TypeScript", 0, 0, -222, 0, 0, 0, 0, -78, -47, -347
"k:\AiChat\tavern_helper_template\src\什么我要在玄幻修仙世界种田\prompts.md", "Markdown", 0, -224, 0, 0, 0, 0, 0, 0, -55, -279
"k:\AiChat\tavern_helper_template\src\什么我要在玄幻修仙世界种田\regex-状态栏v0_3_1.json", "JSON", 0, 0, 0, 0, 0, -18, 0, 0, 0, -18
"k:\AiChat\tavern_helper_template\src\什么我要在玄幻修仙世界种田\regex-隐藏发送的变量.json", "JSON", 0, 0, 0, 0, 0, -18, 0, 0, 0, -18
"k:\AiChat\tavern_helper_template\src\什么我要在玄幻修仙世界种田\systems.ts", "TypeScript", 0, 0, -292, 0, 0, 0, 0, -28, -33, -353
"k:\AiChat\tavern_helper_template\src\什么我要在玄幻修仙世界种田\test.html", "HTML", 0, 0, 0, 0, -522, 0, 0, -11, -74, -607
"k:\AiChat\tavern_helper_template\src\什么我要在玄幻修仙世界种田\version.ts", "TypeScript", 0, 0, -109, 0, 0, 0, 0, -22, -18, -149
"k:\AiChat\tavern_helper_template\src\什么我要在玄幻修仙世界种田\什么？我要在玄幻修仙世界种田？.json", "JSON", 0, 0, 0, 0, 0, -1, 0, 0, 0, -1
"k:\AiChat\tavern_helper_template\src\什么我要在玄幻修仙世界种田\角色介绍.md", "Markdown", 0, -38, 0, 0, 0, 0, 0, 0, -10, -48
"k:\AiChat\tavern_helper_template\src\什么我要在玄幻修仙世界种田\项目总结和介绍.md", "Markdown", 0, -51, 0, 0, 0, 0, 0, 0, -32, -83
"k:\AiChat\tavern_helper_template\初始模板\前端界面\导入到酒馆中\界面-实时修改.json", "JSON", 0, 0, 0, 0, 0, -15, 0, 0, -1, -16
"k:\AiChat\tavern_helper_template\初始模板\前端界面\新建为src文件夹中的文件夹\index.html", "HTML", 0, 0, 0, 0, -2, 0, 0, 0, -1, -3
"k:\AiChat\tavern_helper_template\初始模板\前端界面\新建为src文件夹中的文件夹\index.scss", "SCSS", 0, 0, 0, 0, 0, 0, 0, 0, -1, -1
"k:\AiChat\tavern_helper_template\初始模板\前端界面\新建为src文件夹中的文件夹\index.ts", "TypeScript", 0, 0, -1, 0, 0, 0, 0, 0, -1, -2
"k:\AiChat\tavern_helper_template\初始模板\脚本\导入到酒馆中\脚本-实时修改.json", "JSON", 0, 0, 0, 0, 0, -7, 0, 0, -1, -8
"k:\AiChat\tavern_helper_template\初始模板\脚本\新建为src文件夹中的文件夹\index.ts", "TypeScript", 0, 0, 0, 0, 0, 0, 0, 0, -1, -1
"Total", "-", 966, 844, -619, -693, -1250, -1231, -5137, 137, -624, -7607