"filename", "language", "Markdown", "JSON with Comments", "TypeScript", "YAML", "JSON", "SCSS", "HTML", "JavaScript", "vue", "comment", "blank", "total"
"k:\AiChat\tavern_helper_template\.augment\rules\mcp.md", "Markdown", 1, 0, 0, 0, 0, 0, 0, 0, 0, 0, 0, 1
"k:\AiChat\tavern_helper_template\.augment\rules\mvu变量框架.md", "Markdown", 1, 0, 0, 0, 0, 0, 0, 0, 0, 0, 0, 1
"k:\AiChat\tavern_helper_template\.augment\rules\前端界面.md", "Markdown", 1, 0, 0, 0, 0, 0, 0, 0, 0, 0, 0, 1
"k:\AiChat\tavern_helper_template\.augment\rules\脚本.md", "Markdown", 1, 0, 0, 0, 0, 0, 0, 0, 0, 0, 0, 1
"k:\AiChat\tavern_helper_template\.augment\rules\酒馆变量.md", "Markdown", 1, 0, 0, 0, 0, 0, 0, 0, 0, 0, 0, 1
"k:\AiChat\tavern_helper_template\.augment\rules\项目基本概念.md", "Markdown", 1, 0, 0, 0, 0, 0, 0, 0, 0, 0, 0, 1
"k:\AiChat\tavern_helper_template\.clinerules\mcp.md", "Markdown", 1, 0, 0, 0, 0, 0, 0, 0, 0, 0, 0, 1
"k:\AiChat\tavern_helper_template\.clinerules\mvu变量框架.md", "Markdown", 1, 0, 0, 0, 0, 0, 0, 0, 0, 0, 0, 1
"k:\AiChat\tavern_helper_template\.clinerules\前端界面.md", "Markdown", 1, 0, 0, 0, 0, 0, 0, 0, 0, 0, 0, 1
"k:\AiChat\tavern_helper_template\.clinerules\脚本.md", "Markdown", 1, 0, 0, 0, 0, 0, 0, 0, 0, 0, 0, 1
"k:\AiChat\tavern_helper_template\.clinerules\酒馆变量.md", "Markdown", 1, 0, 0, 0, 0, 0, 0, 0, 0, 0, 0, 1
"k:\AiChat\tavern_helper_template\.clinerules\项目基本概念.md", "Markdown", 1, 0, 0, 0, 0, 0, 0, 0, 0, 0, 0, 1
"k:\AiChat\tavern_helper_template\.cursor\mcp.json", "JSON with Comments", 0, 14, 0, 0, 0, 0, 0, 0, 0, 0, 1, 15
"k:\AiChat\tavern_helper_template\.github\workflows\bump_deps.yaml", "YAML", 0, 0, 0, 35, 0, 0, 0, 0, 0, 0, 8, 43
"k:\AiChat\tavern_helper_template\.github\workflows\bundle.yaml", "YAML", 0, 0, 0, 44, 0, 0, 0, 0, 0, 1, 8, 53
"k:\AiChat\tavern_helper_template\.github\workflows\sync_template.yaml", "YAML", 0, 0, 0, 27, 0, 0, 0, 0, 0, 0, 4, 31
"k:\AiChat\tavern_helper_template\.roo\mcp.json", "JSON with Comments", 0, 1, 0, 0, 0, 0, 0, 0, 0, 0, 0, 1
"k:\AiChat\tavern_helper_template\.roo\rules\mcp.md", "Markdown", 1, 0, 0, 0, 0, 0, 0, 0, 0, 0, 0, 1
"k:\AiChat\tavern_helper_template\.roo\rules\mvu变量框架.md", "Markdown", 1, 0, 0, 0, 0, 0, 0, 0, 0, 0, 0, 1
"k:\AiChat\tavern_helper_template\.roo\rules\前端界面.md", "Markdown", 1, 0, 0, 0, 0, 0, 0, 0, 0, 0, 0, 1
"k:\AiChat\tavern_helper_template\.roo\rules\脚本.md", "Markdown", 1, 0, 0, 0, 0, 0, 0, 0, 0, 0, 0, 1
"k:\AiChat\tavern_helper_template\.roo\rules\酒馆变量.md", "Markdown", 1, 0, 0, 0, 0, 0, 0, 0, 0, 0, 0, 1
"k:\AiChat\tavern_helper_template\.roo\rules\项目基本概念.md", "Markdown", 1, 0, 0, 0, 0, 0, 0, 0, 0, 0, 0, 1
"k:\AiChat\tavern_helper_template\GEMINI.md", "Markdown", 7, 0, 0, 0, 0, 0, 0, 0, 0, 0, 2, 9
"k:\AiChat\tavern_helper_template\changlog.md", "Markdown", 29, 0, 0, 0, 0, 0, 0, 0, 0, 0, 19, 48
"k:\AiChat\tavern_helper_template\dist\src\什么我要在玄幻修仙世界种田-0楼版本\index.html", "HTML", 0, 0, 0, 0, 0, 0, 4608, 0, 0, 1, 57, 4666
"k:\AiChat\tavern_helper_template\dist\src\什么我要在玄幻修仙世界种田-Vue版本\index.html", "HTML", 0, 0, 0, 0, 0, 0, 297, 0, 0, 0, 16, 313
"k:\AiChat\tavern_helper_template\dist\src\什么我要在玄幻修仙世界种田-第一条消息\FirstMes.html", "HTML", 0, 0, 0, 0, 0, 0, 661, 0, 0, 39, 56, 756
"k:\AiChat\tavern_helper_template\dist\src\什么我要在玄幻修仙世界种田\index.html", "HTML", 0, 0, 0, 0, 0, 0, 1605, 0, 0, 67, 43, 1715
"k:\AiChat\tavern_helper_template\dist\什么我要在玄幻修仙世界种田-0楼版本\index.html", "HTML", 0, 0, 0, 0, 0, 0, 2967, 0, 0, 93, 61, 3121
"k:\AiChat\tavern_helper_template\dist\什么我要在玄幻修仙世界种田-Vue版本\index.html", "HTML", 0, 0, 0, 0, 0, 0, 237, 0, 0, 0, 14, 251
"k:\AiChat\tavern_helper_template\dist\什么我要在玄幻修仙世界种田\index.html", "HTML", 0, 0, 0, 0, 0, 0, 1567, 0, 0, 67, 43, 1677
"k:\AiChat\tavern_helper_template\dist\界面模板\index.html", "HTML", 0, 0, 0, 0, 0, 0, 45, 0, 0, 0, 6, 51
"k:\AiChat\tavern_helper_template\dist\界面示例\index.html", "HTML", 0, 0, 0, 0, 0, 0, 205, 0, 0, 0, 10, 215
"k:\AiChat\tavern_helper_template\dist\脚本模板\index.js", "JavaScript", 0, 0, 0, 0, 0, 0, 0, 6, 0, 2, 2, 10
"k:\AiChat\tavern_helper_template\dist\脚本示例\index.js", "JavaScript", 0, 0, 0, 0, 0, 0, 0, 71, 0, 10, 7, 88
"k:\AiChat\tavern_helper_template\dist\脚本示例\可点击的选择框\index.js", "JavaScript", 0, 0, 0, 0, 0, 0, 0, 35, 0, 4, 4, 43
"k:\AiChat\tavern_helper_template\package-lock.json", "JSON", 0, 0, 0, 0, 11988, 0, 0, 0, 0, 0, 1, 11989
"k:\AiChat\tavern_helper_template\package.json", "JSON", 0, 0, 0, 0, 89, 0, 0, 0, 0, 0, 1, 90
"k:\AiChat\tavern_helper_template\src\auto-imports.d.ts", "TypeScript", 0, 0, 77, 0, 0, 0, 0, 0, 0, 8, 1, 86
"k:\AiChat\tavern_helper_template\src\components.d.ts", "TypeScript", 0, 0, 44, 0, 0, 0, 0, 0, 0, 6, 2, 52
"k:\AiChat\tavern_helper_template\src\update-script.ts", "TypeScript", 0, 0, 86, 0, 0, 0, 0, 0, 0, 33, 16, 135
"k:\AiChat\tavern_helper_template\src\什么我要在玄van修仙世界种田-0楼版本\ui\sidePanel.ts", "TypeScript", 0, 0, 2, 0, 0, 0, 0, 0, 0, 2, 1, 5
"k:\AiChat\tavern_helper_template\src\什么我要在玄幻修-0楼版本\ui\modals\settings.ts", "TypeScript", 0, 0, 112, 0, 0, 0, 0, 0, 0, 25, 20, 157
"k:\AiChat\tavern_helper_template\src\什么我要在玄幻修仙世界种田-0楼版本\App.vue", "vue", 0, 0, 0, 0, 0, 0, 0, 0, 90, 10, 21, 121
"k:\AiChat\tavern_helper_template\src\什么我要在玄幻修仙世界种田-0楼版本\Test.json", "JSON", 0, 0, 0, 0, 650, 0, 0, 0, 0, 5, 62, 717
"k:\AiChat\tavern_helper_template\src\什么我要在玄幻修仙世界种田-0楼版本\Test.yaml", "YAML", 0, 0, 0, 5102, 0, 0, 0, 0, 0, 0, 510, 5612
"k:\AiChat\tavern_helper_template\src\什么我要在玄幻修仙世界种田-0楼版本\components\MainMenu.vue", "vue", 0, 0, 0, 0, 0, 0, 0, 0, 152, 5, 16, 173
"k:\AiChat\tavern_helper_template\src\什么我要在玄幻修仙世界种田-0楼版本\components\TopBar.vue", "vue", 0, 0, 0, 0, 0, 0, 0, 0, 103, 2, 19, 124
"k:\AiChat\tavern_helper_template\src\什么我要在玄幻修仙世界种田-0楼版本\components\action\ActionPanel.vue", "vue", 0, 0, 0, 0, 0, 0, 0, 0, 140, 4, 12, 156
"k:\AiChat\tavern_helper_template\src\什么我要在玄幻修仙世界种田-0楼版本\components\debug\DebugModal.vue", "vue", 0, 0, 0, 0, 0, 0, 0, 0, 160, 2, 20, 182
"k:\AiChat\tavern_helper_template\src\什么我要在玄幻修仙世界种田-0楼版本\components\debug\EventInjector.vue", "vue", 0, 0, 0, 0, 0, 0, 0, 0, 102, 0, 14, 116
"k:\AiChat\tavern_helper_template\src\什么我要在玄幻修仙世界种田-0楼版本\components\debug\LogEntry.vue", "vue", 0, 0, 0, 0, 0, 0, 0, 0, 56, 0, 11, 67
"k:\AiChat\tavern_helper_template\src\什么我要在玄幻修仙世界种田-0楼版本\components\debug\LogViewer.vue", "vue", 0, 0, 0, 0, 0, 0, 0, 0, 134, 6, 21, 161
"k:\AiChat\tavern_helper_template\src\什么我要在玄幻修仙世界种田-0楼版本\components\debug\PromptViewer.vue", "vue", 0, 0, 0, 0, 0, 0, 0, 0, 111, 0, 13, 124
"k:\AiChat\tavern_helper_template\src\什么我要在玄幻修仙世界种田-0楼版本\components\debug\StateBrowser.vue", "vue", 0, 0, 0, 0, 0, 0, 0, 0, 118, 0, 16, 134
"k:\AiChat\tavern_helper_template\src\什么我要在玄幻修仙世界种田-0楼版本\components\debug\VariableEntry.vue", "vue", 0, 0, 0, 0, 0, 0, 0, 0, 119, 0, 9, 128
"k:\AiChat\tavern_helper_template\src\什么我要在玄幻修仙世界种田-0楼版本\components\modals\DetailsModal.vue", "vue", 0, 0, 0, 0, 0, 0, 0, 0, 40, 3, 5, 48
"k:\AiChat\tavern_helper_template\src\什么我要在玄幻修仙世界种田-0楼版本\components\modals\HistoryModal.vue", "vue", 0, 0, 0, 0, 0, 0, 0, 0, 43, 5, 7, 55
"k:\AiChat\tavern_helper_template\src\什么我要在玄幻修仙世界种田-0楼版本\components\modals\HistoryTurn.vue", "vue", 0, 0, 0, 0, 0, 0, 0, 0, 185, 2, 25, 212
"k:\AiChat\tavern_helper_template\src\什么我要在玄幻修仙世界种田-0楼版本\components\modals\MenuModal.vue", "vue", 0, 0, 0, 0, 0, 0, 0, 0, 75, 0, 13, 88
"k:\AiChat\tavern_helper_template\src\什么我要在玄幻修仙世界种田-0楼版本\components\modals\PokedexManagerModal.vue", "vue", 0, 0, 0, 0, 0, 0, 0, 0, 212, 11, 27, 250
"k:\AiChat\tavern_helper_template\src\什么我要在玄幻修仙世界种田-0楼版本\components\modals\RemoteSyncModal.vue", "vue", 0, 0, 0, 0, 0, 0, 0, 0, 167, 4, 19, 190
"k:\AiChat\tavern_helper_template\src\什么我要在玄幻修仙世界种田-0楼版本\components\modals\SettingsModal.vue", "vue", 0, 0, 0, 0, 0, 0, 0, 0, 278, 6, 22, 306
"k:\AiChat\tavern_helper_template\src\什么我要在玄幻修仙世界种田-0楼版本\components\modals\VersionModal.vue", "vue", 0, 0, 0, 0, 0, 0, 0, 0, 73, 0, 14, 87
"k:\AiChat\tavern_helper_template\src\什么我要在玄幻修仙世界种田-0楼版本\components\pokedex\AddEntryForm.vue", "vue", 0, 0, 0, 0, 0, 0, 0, 0, 116, 3, 13, 132
"k:\AiChat\tavern_helper_template\src\什么我要在玄幻修仙世界种田-0楼版本\components\pokedex\PokedexList.vue", "vue", 0, 0, 0, 0, 0, 0, 0, 0, 29, 0, 6, 35
"k:\AiChat\tavern_helper_template\src\什么我要在玄幻修仙世界种田-0楼版本\components\pokedex\PokedexTab.vue", "vue", 0, 0, 0, 0, 0, 0, 0, 0, 24, 0, 5, 29
"k:\AiChat\tavern_helper_template\src\什么我要在玄幻修仙世界种田-0楼版本\components\pokedex\PokedexViewList.vue", "vue", 0, 0, 0, 0, 0, 0, 0, 0, 51, 0, 6, 57
"k:\AiChat\tavern_helper_template\src\什么我要在玄幻修仙世界种田-0楼版本\components\setup\SetupScreen.vue", "vue", 0, 0, 0, 0, 0, 0, 0, 0, 303, 14, 22, 339
"k:\AiChat\tavern_helper_template\src\什么我要在玄幻修仙世界种田-0楼版本\components\sidepanel\DesktopSidePanel.vue", "vue", 0, 0, 0, 0, 0, 0, 0, 0, 47, 7, 5, 59
"k:\AiChat\tavern_helper_template\src\什么我要在玄幻修仙世界种田-0楼版本\components\sidepanel\SidePanel.vue", "vue", 0, 0, 0, 0, 0, 0, 0, 0, 89, 2, 12, 103
"k:\AiChat\tavern_helper_template\src\什么我要在玄幻修仙世界种田-0楼版本\components\story\StoryPanel.vue", "vue", 0, 0, 0, 0, 0, 0, 0, 0, 91, 0, 15, 106
"k:\AiChat\tavern_helper_template\src\什么我要在玄幻修仙世界种田-0楼版本\components\system\AchievementPanel.vue", "vue", 0, 0, 0, 0, 0, 0, 0, 0, 100, 2, 7, 109
"k:\AiChat\tavern_helper_template\src\什么我要在玄幻修仙世界种田-0楼版本\components\system\BarterPanel.vue", "vue", 0, 0, 0, 0, 0, 0, 0, 0, 76, 0, 6, 82
"k:\AiChat\tavern_helper_template\src\什么我要在玄幻修仙世界种田-0楼版本\components\system\QuestItem.vue", "vue", 0, 0, 0, 0, 0, 0, 0, 0, 78, 5, 13, 96
"k:\AiChat\tavern_helper_template\src\什么我要在玄幻修仙世界种田-0楼版本\components\system\QuestTab.vue", "vue", 0, 0, 0, 0, 0, 0, 0, 0, 75, 2, 10, 87
"k:\AiChat\tavern_helper_template\src\什么我要在玄幻修仙世界种田-0楼版本\components\system\RetroactiveSignInPanel.vue", "vue", 0, 0, 0, 0, 0, 0, 0, 0, 69, 0, 16, 85
"k:\AiChat\tavern_helper_template\src\什么我要在玄幻修仙世界种田-0楼版本\components\system\SignInPanel.vue", "vue", 0, 0, 0, 0, 0, 0, 0, 0, 89, 0, 6, 95
"k:\AiChat\tavern_helper_template\src\什么我要在玄幻修仙世界种田-0楼版本\components\system\SkillPanel.vue", "vue", 0, 0, 0, 0, 0, 0, 0, 0, 58, 2, 5, 65
"k:\AiChat\tavern_helper_template\src\什么我要在玄幻修仙世界种田-0楼版本\components\system\SystemTab.vue", "vue", 0, 0, 0, 0, 0, 0, 0, 0, 49, 1, 4, 54
"k:\AiChat\tavern_helper_template\src\什么我要在玄幻修仙世界种田-0楼版本\components\team\CharacterCard.vue", "vue", 0, 0, 0, 0, 0, 0, 0, 0, 98, 5, 11, 114
"k:\AiChat\tavern_helper_template\src\什么我要在玄幻修仙世界种田-0楼版本\components\team\RelationsTab.vue", "vue", 0, 0, 0, 0, 0, 0, 0, 0, 52, 1, 5, 58
"k:\AiChat\tavern_helper_template\src\什么我要在玄幻修仙世界种田-0楼版本\components\team\TeamTab.vue", "vue", 0, 0, 0, 0, 0, 0, 0, 0, 30, 0, 5, 35
"k:\AiChat\tavern_helper_template\src\什么我要在玄幻修仙世界种田-0楼版本\components\world\ShelterComponent.vue", "vue", 0, 0, 0, 0, 0, 0, 0, 0, 32, 0, 3, 35
"k:\AiChat\tavern_helper_template\src\什么我要在玄幻修仙世界种田-0楼版本\components\world\ShelterInfo.vue", "vue", 0, 0, 0, 0, 0, 0, 0, 0, 61, 0, 8, 69
"k:\AiChat\tavern_helper_template\src\什么我要在玄幻修仙世界种田-0楼版本\components\world\WorldTab.vue", "vue", 0, 0, 0, 0, 0, 0, 0, 0, 42, 0, 6, 48
"k:\AiChat\tavern_helper_template\src\什么我要在玄幻修仙世界种田-0楼版本\core\actions.ts", "TypeScript", 0, 0, 129, 0, 0, 0, 0, 0, 0, 30, 31, 190
"k:\AiChat\tavern_helper_template\src\什么我要在玄幻修仙世界种田-0楼版本\core\eventManager.ts", "TypeScript", 0, 0, 117, 0, 0, 0, 0, 0, 0, 60, 23, 200
"k:\AiChat\tavern_helper_template\src\什么我要在玄幻修仙世界种田-0楼版本\core\events\definitions.ts", "TypeScript", 0, 0, 65, 0, 0, 0, 0, 0, 0, 70, 20, 155
"k:\AiChat\tavern_helper_template\src\什么我要在玄幻修仙世界种田-0楼版本\core\events\systemHandler.ts", "TypeScript", 0, 0, 70, 0, 0, 0, 0, 0, 0, 2, 15, 87
"k:\AiChat\tavern_helper_template\src\什么我要在玄幻修仙世界种田-0楼版本\core\events\worldChangeHandler.ts", "TypeScript", 0, 0, 99, 0, 0, 0, 0, 0, 0, 7, 19, 125
"k:\AiChat\tavern_helper_template\src\什么我要在玄幻修仙世界种田-0楼版本\core\generation.ts", "TypeScript", 0, 0, 30, 0, 0, 0, 0, 0, 0, 20, 7, 57
"k:\AiChat\tavern_helper_template\src\什么我要在玄幻修仙世界种田-0楼版本\core\history.ts", "TypeScript", 0, 0, 431, 0, 0, 0, 0, 0, 0, 122, 86, 639
"k:\AiChat\tavern_helper_template\src\什么我要在玄幻修仙世界种田-0楼版本\core\logger.ts", "TypeScript", 0, 0, 122, 0, 0, 0, 0, 0, 0, 42, 26, 190
"k:\AiChat\tavern_helper_template\src\什么我要在玄幻修仙世界种田-0楼版本\core\parser.ts", "TypeScript", 0, 0, 47, 0, 0, 0, 0, 0, 0, 20, 14, 81
"k:\AiChat\tavern_helper_template\src\什么我要在玄幻修仙世界种田-0楼版本\core\pokedex.ts", "TypeScript", 0, 0, 212, 0, 0, 0, 0, 0, 0, 18, 37, 267
"k:\AiChat\tavern_helper_template\src\什么我要在玄幻修仙世界种田-0楼版本\core\promptManager.ts", "TypeScript", 0, 0, 239, 0, 0, 0, 0, 0, 0, 46, 50, 335
"k:\AiChat\tavern_helper_template\src\什么我要在玄幻修仙世界种田-0楼版本\core\reactiveMessageBus.ts", "TypeScript", 0, 0, 20, 0, 0, 0, 0, 0, 0, 39, 7, 66
"k:\AiChat\tavern_helper_template\src\什么我要在玄幻修仙世界种田-0楼版本\core\regexProcessor.ts", "TypeScript", 0, 0, 31, 0, 0, 0, 0, 0, 0, 22, 7, 60
"k:\AiChat\tavern_helper_template\src\什么我要在玄幻修仙世界种田-0楼版本\core\renderer.ts", "TypeScript", 0, 0, 297, 0, 0, 0, 0, 0, 0, 49, 56, 402
"k:\AiChat\tavern_helper_template\src\什么我要在玄幻修仙世界种田-0楼版本\core\secondaryLlmApi.ts", "TypeScript", 0, 0, 104, 0, 0, 0, 0, 0, 0, 19, 22, 145
"k:\AiChat\tavern_helper_template\src\什么我要在玄幻修仙世界种田-0楼版本\core\state.ts", "TypeScript", 0, 0, 3, 0, 0, 0, 0, 0, 0, 11, 3, 17
"k:\AiChat\tavern_helper_template\src\什么我要在玄幻修仙世界种田-0楼版本\core\stateUpdater.ts", "TypeScript", 0, 0, 49, 0, 0, 0, 0, 0, 0, 20, 14, 83
"k:\AiChat\tavern_helper_template\src\什么我要在玄幻修仙世界种田-0楼版本\core\storeOrchestrator.ts", "TypeScript", 0, 0, 62, 0, 0, 0, 0, 0, 0, 33, 21, 116
"k:\AiChat\tavern_helper_template\src\什么我要在玄幻修仙世界种田-0楼版本\core\summarizer.ts", "TypeScript", 0, 0, 94, 0, 0, 0, 0, 0, 0, 26, 25, 145
"k:\AiChat\tavern_helper_template\src\什么我要在玄幻修仙世界种田-0楼版本\core\time.ts", "TypeScript", 0, 0, 132, 0, 0, 0, 0, 0, 0, 56, 30, 218
"k:\AiChat\tavern_helper_template\src\什么我要在玄幻修仙世界种田-0楼版本\core\update-script.ts", "TypeScript", 0, 0, 86, 0, 0, 0, 0, 0, 0, 33, 16, 135
"k:\AiChat\tavern_helper_template\src\什么我要在玄幻修仙世界种田-0楼版本\core\variables.ts", "TypeScript", 0, 0, 322, 0, 0, 0, 0, 0, 0, 109, 60, 491
"k:\AiChat\tavern_helper_template\src\什么我要在玄幻修仙世界种田-0楼版本\core\version.ts", "TypeScript", 0, 0, 66, 0, 0, 0, 0, 0, 0, 16, 12, 94
"k:\AiChat\tavern_helper_template\src\什么我要在玄幻修仙世界种田-0楼版本\data\genesisMessages.ts", "TypeScript", 0, 0, 412, 0, 0, 0, 0, 0, 0, 8, 100, 520
"k:\AiChat\tavern_helper_template\src\什么我要在玄幻修仙世界种田-0楼版本\data\pokedex-data.json", "JSON", 0, 0, 0, 0, 338, 0, 0, 0, 0, 0, 1, 339
"k:\AiChat\tavern_helper_template\src\什么我要在玄幻修仙世界种田-0楼版本\data\pokedex-data.ts", "TypeScript", 0, 0, 476, 0, 0, 0, 0, 0, 0, 0, 2, 478
"k:\AiChat\tavern_helper_template\src\什么我要在玄幻修仙世界种田-0楼版本\data\prompts-data.ts", "TypeScript", 0, 0, 959, 0, 0, 0, 0, 0, 0, 0, 95, 1054
"k:\AiChat\tavern_helper_template\src\什么我要在玄幻修仙世界种田-0楼版本\data\shelter-data.ts", "TypeScript", 0, 0, 101, 0, 0, 0, 0, 0, 0, 5, 4, 110
"k:\AiChat\tavern_helper_template\src\什么我要在玄幻修仙世界种田-0楼版本\data\time-data.ts", "TypeScript", 0, 0, 31, 0, 0, 0, 0, 0, 0, 19, 7, 57
"k:\AiChat\tavern_helper_template\src\什么我要在玄幻修仙世界种田-0楼版本\debug_file\xuanhuan-variable-世界-2025-08-31T11_30_39.730Z.json", "JSON", 0, 0, 0, 0, 597, 0, 0, 0, 0, 0, 0, 597
"k:\AiChat\tavern_helper_template\src\什么我要在玄幻修仙世界种田-0楼版本\debug_file\xuanhuan-variable-角色-2025-08-31T11_30_58.696Z.json", "JSON", 0, 0, 0, 0, 137, 0, 0, 0, 0, 0, 0, 137
"k:\AiChat\tavern_helper_template\src\什么我要在玄幻修仙世界种田-0楼版本\docs\Core\CHAT_FLOW_SPEC.md", "Markdown", 165, 0, 0, 0, 0, 0, 0, 0, 0, 0, 73, 238
"k:\AiChat\tavern_helper_template\src\什么我要在玄幻修仙世界种田-0楼版本\docs\Core\DEBUGGING_SPEC.md", "Markdown", 188, 0, 0, 0, 0, 0, 0, 0, 0, 0, 51, 239
"k:\AiChat\tavern_helper_template\src\什么我要在玄幻修仙世界种田-0楼版本\docs\Core\ITEM_VALUE_SPEC.md", "Markdown", 169, 0, 0, 0, 0, 0, 0, 0, 0, 0, 48, 217
"k:\AiChat\tavern_helper_template\src\什么我要在玄幻修仙世界种田-0楼版本\docs\Core\PROMPT_SYSTEM_SPEC.md", "Markdown", 172, 0, 0, 0, 0, 0, 0, 0, 0, 0, 61, 233
"k:\AiChat\tavern_helper_template\src\什么我要在玄幻修仙世界种田-0楼版本\docs\Core\REACTIVE_STATE_SPEC.md", "Markdown", 257, 0, 0, 0, 0, 0, 0, 0, 0, 0, 74, 331
"k:\AiChat\tavern_helper_template\src\什么我要在玄幻修仙世界种田-0楼版本\docs\Core\TIME_SPEC.md", "Markdown", 76, 0, 0, 0, 0, 0, 0, 0, 0, 0, 28, 104
"k:\AiChat\tavern_helper_template\src\什么我要在玄幻修仙世界种田-0楼版本\docs\FUTURE_PLANS.md", "Markdown", 24, 0, 0, 0, 0, 0, 0, 0, 0, 0, 10, 34
"k:\AiChat\tavern_helper_template\src\什么我要在玄幻修仙世界种田-0楼版本\docs\GamePlay\MODULE_DESIGN_ACHIEVEMENT.md", "Markdown", 104, 0, 0, 0, 0, 0, 0, 0, 0, 0, 26, 130
"k:\AiChat\tavern_helper_template\src\什么我要在玄幻修仙世界种田-0楼版本\docs\GamePlay\MODULE_DESIGN_ADVENTURE.md", "Markdown", 123, 0, 0, 0, 0, 0, 0, 0, 0, 0, 24, 147
"k:\AiChat\tavern_helper_template\src\什么我要在玄幻修仙世界种田-0楼版本\docs\GamePlay\MODULE_DESIGN_BARTER.md", "Markdown", 79, 0, 0, 0, 0, 0, 0, 0, 0, 2, 28, 109
"k:\AiChat\tavern_helper_template\src\什么我要在玄幻修仙世界种田-0楼版本\docs\GamePlay\MODULE_DESIGN_CHARACTER.md", "Markdown", 107, 0, 0, 0, 0, 0, 0, 0, 0, 0, 43, 150
"k:\AiChat\tavern_helper_template\src\什么我要在玄幻修仙世界种田-0楼版本\docs\GamePlay\MODULE_DESIGN_DIARY.md", "Markdown", 77, 0, 0, 0, 0, 0, 0, 0, 0, 0, 20, 97
"k:\AiChat\tavern_helper_template\src\什么我要在玄幻修仙世界种田-0楼版本\docs\GamePlay\MODULE_DESIGN_MAP.md", "Markdown", 150, 0, 0, 0, 0, 0, 0, 0, 0, 0, 24, 174
"k:\AiChat\tavern_helper_template\src\什么我要在玄幻修仙世界种田-0楼版本\docs\GamePlay\MODULE_DESIGN_POKEDEX_SPEC.md", "Markdown", 45, 0, 0, 0, 0, 0, 0, 0, 0, 0, 24, 69
"k:\AiChat\tavern_helper_template\src\什么我要在玄幻修仙世界种田-0楼版本\docs\GamePlay\MODULE_DESIGN_QUEST.md", "Markdown", 338, 0, 0, 0, 0, 0, 0, 0, 0, 0, 72, 410
"k:\AiChat\tavern_helper_template\src\什么我要在玄幻修仙世界种田-0楼版本\docs\GamePlay\MODULE_DESIGN_RUMOR.md", "Markdown", 51, 0, 0, 0, 0, 0, 0, 0, 0, 0, 17, 68
"k:\AiChat\tavern_helper_template\src\什么我要在玄幻修仙世界种田-0楼版本\docs\GamePlay\MODULE_DESIGN_SHELTER.md", "Markdown", 411, 0, 0, 0, 0, 0, 0, 0, 0, 0, 74, 485
"k:\AiChat\tavern_helper_template\src\什么我要在玄幻修仙世界种田-0楼版本\docs\GamePlay\MODULE_DESIGN_SIGNIN.md", "Markdown", 146, 0, 0, 0, 0, 0, 0, 0, 0, 0, 53, 199
"k:\AiChat\tavern_helper_template\src\什么我要在玄幻修仙世界种田-0楼版本\docs\GamePlay\MODULE_DESIGN_SKILL.md", "Markdown", 95, 0, 0, 0, 0, 0, 0, 0, 0, 0, 28, 123
"k:\AiChat\tavern_helper_template\src\什么我要在玄幻修仙世界种田-0楼版本\docs\GamePlay\MODULE_DESIGN_WEATHER.md", "Markdown", 89, 0, 0, 0, 0, 0, 0, 0, 0, 0, 19, 108
"k:\AiChat\tavern_helper_template\src\什么我要在玄幻修仙世界种田-0楼版本\docs\HISTORY_SPEC.md", "Markdown", 85, 0, 0, 0, 0, 0, 0, 0, 0, 0, 27, 112
"k:\AiChat\tavern_helper_template\src\什么我要在玄幻修仙世界种田-0楼版本\docs\INDEX.md", "Markdown", 79, 0, 0, 0, 0, 0, 0, 0, 0, 0, 49, 128
"k:\AiChat\tavern_helper_template\src\什么我要在玄幻修仙世界种田-0楼版本\docs\MODULAR_INTEGRATION_SPEC.md", "Markdown", 110, 0, 0, 0, 0, 0, 0, 0, 0, 0, 30, 140
"k:\AiChat\tavern_helper_template\src\什么我要在玄幻修仙世界种田-0楼版本\docs\MODULE_INTERACTION_SPEC.md", "Markdown", 63, 0, 0, 0, 0, 0, 0, 0, 0, 0, 13, 76
"k:\AiChat\tavern_helper_template\src\什么我要在玄幻修仙世界种田-0楼版本\docs\Plugin\SECONDARY_LLM_API_SPEC.md", "Markdown", 88, 0, 0, 0, 0, 0, 0, 0, 0, 0, 25, 113
"k:\AiChat\tavern_helper_template\src\什么我要在玄幻修仙世界种田-0楼版本\docs\Plugin\SMART_CONTEXT_SPEC.md", "Markdown", 128, 0, 0, 0, 0, 0, 0, 0, 0, 0, 47, 175
"k:\AiChat\tavern_helper_template\src\什么我要在玄幻修仙世界种田-0楼版本\docs\SAVE_SYSTEM_SPEC.md", "Markdown", 70, 0, 0, 0, 0, 0, 0, 0, 0, 0, 19, 89
"k:\AiChat\tavern_helper_template\src\什么我要在玄幻修仙世界种田-0楼版本\docs\developer\DEVELOPER_CHEATSHEET.md", "Markdown", 368, 0, 0, 0, 0, 0, 0, 0, 0, 0, 197, 565
"k:\AiChat\tavern_helper_template\src\什么我要在玄幻修仙世界种田-0楼版本\docs\old\RENDERING_SPEC.md", "Markdown", 64, 0, 0, 0, 0, 0, 0, 0, 0, 0, 24, 88
"k:\AiChat\tavern_helper_template\src\什么我要在玄幻修仙世界种田-0楼版本\docs\old\STATE_REFACTOR_ANALYSIS.md", "Markdown", 57, 0, 0, 0, 0, 0, 0, 0, 0, 0, 34, 91
"k:\AiChat\tavern_helper_template\src\什么我要在玄幻修仙世界种田-0楼版本\docs\old\SYSTEMS_SPEC.md", "Markdown", 152, 0, 0, 0, 0, 0, 0, 0, 0, 0, 38, 190
"k:\AiChat\tavern_helper_template\src\什么我要在玄幻修仙世界种田-0楼版本\docs\old\UI_FRAMEWORK_SPEC.md", "Markdown", 201, 0, 0, 0, 0, 0, 0, 0, 0, 0, 53, 254
"k:\AiChat\tavern_helper_template\src\什么我要在玄幻修仙世界种田-0楼版本\docs\old\VARIABLES_SPEC.md", "Markdown", 361, 0, 0, 0, 0, 0, 0, 0, 0, 0, 50, 411
"k:\AiChat\tavern_helper_template\src\什么我要在玄幻修仙世界种田-0楼版本\global.d.ts", "TypeScript", 0, 0, 19, 0, 0, 0, 0, 0, 0, 1, 3, 23
"k:\AiChat\tavern_helper_template\src\什么我要在玄幻修仙世界种田-0楼版本\index.html", "HTML", 0, 0, 0, 0, 0, 0, 13, 0, 0, 1, 2, 16
"k:\AiChat\tavern_helper_template\src\什么我要在玄幻修仙世界种田-0楼版本\index.scss", "SCSS", 0, 0, 0, 0, 0, 1204, 0, 0, 0, 78, 213, 1495
"k:\AiChat\tavern_helper_template\src\什么我要在玄幻修仙世界种田-0楼版本\index.ts", "TypeScript", 0, 0, 251, 0, 0, 0, 0, 0, 0, 32, 50, 333
"k:\AiChat\tavern_helper_template\src\什么我要在玄幻修仙世界种田-0楼版本\modules\setup\data.ts", "TypeScript", 0, 0, 88, 0, 0, 0, 0, 0, 0, 0, 15, 103
"k:\AiChat\tavern_helper_template\src\什么我要在玄幻修仙世界种田-0楼版本\modules\smartContext\contextLinker.ts", "TypeScript", 0, 0, 118, 0, 0, 0, 0, 0, 0, 67, 32, 217
"k:\AiChat\tavern_helper_template\src\什么我要在玄幻修仙世界种田-0楼版本\modules\smartContext\prompt.md", "Markdown", 115, 0, 0, 0, 0, 0, 0, 0, 0, 0, 13, 128
"k:\AiChat\tavern_helper_template\src\什么我要在玄幻修仙世界种田-0楼版本\regex-状态栏v0_3_1.json", "JSON", 0, 0, 0, 0, 18, 0, 0, 0, 0, 0, 0, 18
"k:\AiChat\tavern_helper_template\src\什么我要在玄幻修仙世界种田-0楼版本\regex-隐藏发送的变量.json", "JSON", 0, 0, 0, 0, 18, 0, 0, 0, 0, 0, 0, 18
"k:\AiChat\tavern_helper_template\src\什么我要在玄幻修仙世界种田-0楼版本\save\玄幻修仙世界种田-存档-2025-08-21T09-08-29-960Z.json", "JSON", 0, 0, 0, 0, 158, 0, 0, 0, 0, 0, 0, 158
"k:\AiChat\tavern_helper_template\src\什么我要在玄幻修仙世界种田-0楼版本\stores\app\appStore.ts", "TypeScript", 0, 0, 35, 0, 0, 0, 0, 0, 0, 20, 8, 63
"k:\AiChat\tavern_helper_template\src\什么我要在玄幻修仙世界种田-0楼版本\stores\app\generationStore.ts", "TypeScript", 0, 0, 35, 0, 0, 0, 0, 0, 0, 5, 6, 46
"k:\AiChat\tavern_helper_template\src\什么我要在玄幻修仙世界种田-0楼版本\stores\app\versionStore.ts", "TypeScript", 0, 0, 82, 0, 0, 0, 0, 0, 0, 4, 9, 95
"k:\AiChat\tavern_helper_template\src\什么我要在玄幻修仙世界种田-0楼版本\stores\core\characterStore.ts", "TypeScript", 0, 0, 128, 0, 0, 0, 0, 0, 0, 10, 18, 156
"k:\AiChat\tavern_helper_template\src\什么我要在玄幻修仙世界种田-0楼版本\stores\core\eventLogStore.ts", "TypeScript", 0, 0, 70, 0, 0, 0, 0, 0, 0, 30, 15, 115
"k:\AiChat\tavern_helper_template\src\什么我要在玄幻修仙世界种田-0楼版本\stores\core\itemStore.ts", "TypeScript", 0, 0, 131, 0, 0, 0, 0, 0, 0, 5, 24, 160
"k:\AiChat\tavern_helper_template\src\什么我要在玄幻修仙世界种田-0楼版本\stores\core\worldStore.ts", "TypeScript", 0, 0, 135, 0, 0, 0, 0, 0, 0, 17, 22, 174
"k:\AiChat\tavern_helper_template\src\什么我要在玄幻修仙世界种田-0楼版本\stores\modules\promptStore.ts", "TypeScript", 0, 0, 55, 0, 0, 0, 0, 0, 0, 8, 15, 78
"k:\AiChat\tavern_helper_template\src\什么我要在玄幻修仙世界种田-0楼版本\stores\modules\smartContextStore.ts", "TypeScript", 0, 0, 201, 0, 0, 0, 0, 0, 0, 42, 39, 282
"k:\AiChat\tavern_helper_template\src\什么我要在玄幻修仙世界种田-0楼版本\stores\systems\achievementStore.ts", "TypeScript", 0, 0, 163, 0, 0, 0, 0, 0, 0, 15, 31, 209
"k:\AiChat\tavern_helper_template\src\什么我要在玄幻修仙世界种田-0楼版本\stores\systems\adventureStore.ts", "TypeScript", 0, 0, 37, 0, 0, 0, 0, 0, 0, 7, 9, 53
"k:\AiChat\tavern_helper_template\src\什么我要在玄幻修仙世界种田-0楼版本\stores\systems\barterStore.ts", "TypeScript", 0, 0, 192, 0, 0, 0, 0, 0, 0, 11, 40, 243
"k:\AiChat\tavern_helper_template\src\什么我要在玄幻修仙世界种田-0楼版本\stores\systems\pokedexStore.ts", "TypeScript", 0, 0, 381, 0, 0, 0, 0, 0, 0, 27, 61, 469
"k:\AiChat\tavern_helper_template\src\什么我要在玄幻修仙世界种田-0楼版本\stores\systems\questStore.ts", "TypeScript", 0, 0, 155, 0, 0, 0, 0, 0, 0, 5, 20, 180
"k:\AiChat\tavern_helper_template\src\什么我要在玄幻修仙世界种田-0楼版本\stores\systems\relationsStore.ts", "TypeScript", 0, 0, 40, 0, 0, 0, 0, 0, 0, 6, 9, 55
"k:\AiChat\tavern_helper_template\src\什么我要在玄幻修仙世界种田-0楼版本\stores\systems\shelterStore.ts", "TypeScript", 0, 0, 229, 0, 0, 0, 0, 0, 0, 21, 37, 287
"k:\AiChat\tavern_helper_template\src\什么我要在玄幻修仙世界种田-0楼版本\stores\systems\signInStore.ts", "TypeScript", 0, 0, 160, 0, 0, 0, 0, 0, 0, 17, 34, 211
"k:\AiChat\tavern_helper_template\src\什么我要在玄幻修仙世界种田-0楼版本\stores\systems\skillStore.ts", "TypeScript", 0, 0, 111, 0, 0, 0, 0, 0, 0, 20, 22, 153
"k:\AiChat\tavern_helper_template\src\什么我要在玄幻修仙世界种田-0楼版本\stores\systems\timeStore.ts", "TypeScript", 0, 0, 37, 0, 0, 0, 0, 0, 0, 17, 6, 60
"k:\AiChat\tavern_helper_template\src\什么我要在玄幻修仙世界种田-0楼版本\stores\systems\weatherStore.ts", "TypeScript", 0, 0, 267, 0, 0, 0, 0, 0, 0, 14, 33, 314
"k:\AiChat\tavern_helper_template\src\什么我要在玄幻修仙世界种田-0楼版本\stores\ui\actionStore.ts", "TypeScript", 0, 0, 131, 0, 0, 0, 0, 0, 0, 10, 19, 160
"k:\AiChat\tavern_helper_template\src\什么我要在玄幻修仙世界种田-0楼版本\stores\ui\debugStore.ts", "TypeScript", 0, 0, 32, 0, 0, 0, 0, 0, 0, 3, 6, 41
"k:\AiChat\tavern_helper_template\src\什么我要在玄幻修仙世界种田-0楼版本\stores\ui\detailsStore.ts", "TypeScript", 0, 0, 29, 0, 0, 0, 0, 0, 0, 0, 5, 34
"k:\AiChat\tavern_helper_template\src\什么我要在玄幻修仙世界种田-0楼版本\stores\ui\historyStore.ts", "TypeScript", 0, 0, 134, 0, 0, 0, 0, 0, 0, 12, 19, 165
"k:\AiChat\tavern_helper_template\src\什么我要在玄幻修仙世界种田-0楼版本\stores\ui\mainMenuStore.ts", "TypeScript", 0, 0, 72, 0, 0, 0, 0, 0, 0, 3, 12, 87
"k:\AiChat\tavern_helper_template\src\什么我要在玄幻修仙世界种田-0楼版本\stores\ui\menuStore.ts", "TypeScript", 0, 0, 20, 0, 0, 0, 0, 0, 0, 2, 6, 28
"k:\AiChat\tavern_helper_template\src\什么我要在玄幻修仙世界种田-0楼版本\stores\ui\settingsStore.ts", "TypeScript", 0, 0, 226, 0, 0, 0, 0, 0, 0, 30, 33, 289
"k:\AiChat\tavern_helper_template\src\什么我要在玄幻修仙世界种田-0楼版本\stores\ui\setupStore.ts", "TypeScript", 0, 0, 295, 0, 0, 0, 0, 0, 0, 13, 40, 348
"k:\AiChat\tavern_helper_template\src\什么我要在玄幻修仙世界种田-0楼版本\stores\ui\sidePanelStore.ts", "TypeScript", 0, 0, 27, 0, 0, 0, 0, 0, 0, 0, 8, 35
"k:\AiChat\tavern_helper_template\src\什么我要在玄幻修仙世界种田-0楼版本\stores\ui\storyStore.ts", "TypeScript", 0, 0, 222, 0, 0, 0, 0, 0, 0, 24, 44, 290
"k:\AiChat\tavern_helper_template\src\什么我要在玄幻修仙世界种田-0楼版本\stores\ui\systemStore.ts", "TypeScript", 0, 0, 11, 0, 0, 0, 0, 0, 0, 5, 3, 19
"k:\AiChat\tavern_helper_template\src\什么我要在玄幻修仙世界种田-0楼版本\stores\ui\teamStore.ts", "TypeScript", 0, 0, 44, 0, 0, 0, 0, 0, 0, 2, 7, 53
"k:\AiChat\tavern_helper_template\src\什么我要在玄幻修仙世界种田-0楼版本\stores\ui\themeStore.ts", "TypeScript", 0, 0, 27, 0, 0, 0, 0, 0, 0, 9, 6, 42
"k:\AiChat\tavern_helper_template\src\什么我要在玄幻修仙世界种田-0楼版本\types.ts", "TypeScript", 0, 0, 72, 0, 0, 0, 0, 0, 0, 6, 8, 86
"k:\AiChat\tavern_helper_template\src\什么我要在玄幻修仙世界种田-0楼版本\什么？我要在玄幻修仙世界种田？.json", "JSON", 0, 0, 0, 0, 1, 0, 0, 0, 0, 0, 0, 1
"k:\AiChat\tavern_helper_template\src\什么我要在玄幻修仙世界种田-0楼版本\角色介绍.md", "Markdown", 38, 0, 0, 0, 0, 0, 0, 0, 0, 0, 10, 48
"k:\AiChat\tavern_helper_template\src\什么我要在玄幻修仙世界种田-0楼版本\项目总结和介绍.md", "Markdown", 51, 0, 0, 0, 0, 0, 0, 0, 0, 0, 32, 83
"k:\AiChat\tavern_helper_template\src\什么我要在玄幻修仙世界种田-Vue版本\App.vue", "vue", 0, 0, 0, 0, 0, 0, 0, 0, 32, 0, 5, 37
"k:\AiChat\tavern_helper_template\src\什么我要在玄幻修仙世界种田-Vue版本\components\CharacterStatus.vue", "vue", 0, 0, 0, 0, 0, 0, 0, 0, 56, 0, 7, 63
"k:\AiChat\tavern_helper_template\src\什么我要在玄幻修仙世界种田-Vue版本\components\WorldInfo.vue", "vue", 0, 0, 0, 0, 0, 0, 0, 0, 34, 0, 5, 39
"k:\AiChat\tavern_helper_template\src\什么我要在玄幻修仙世界种田-Vue版本\index.html", "HTML", 0, 0, 0, 0, 0, 0, 11, 0, 0, 0, 1, 12
"k:\AiChat\tavern_helper_template\src\什么我要在玄幻修仙世界种田-Vue版本\index.ts", "TypeScript", 0, 0, 9, 0, 0, 0, 0, 0, 0, 1, 3, 13
"k:\AiChat\tavern_helper_template\src\什么我要在玄幻修仙世界种田-Vue版本\stores\characterStore.ts", "TypeScript", 0, 0, 126, 0, 0, 0, 0, 0, 0, 19, 16, 161
"k:\AiChat\tavern_helper_template\src\什么我要在玄幻修仙世界种田-Vue版本\stores\worldStore.ts", "TypeScript", 0, 0, 105, 0, 0, 0, 0, 0, 0, 5, 12, 122
"k:\AiChat\tavern_helper_template\src\什么我要在玄幻修仙世界种田-第一条消息\FirstMes.html", "HTML", 0, 0, 0, 0, 0, 0, 283, 0, 0, 39, 22, 344
"k:\AiChat\tavern_helper_template\src\什么我要在玄幻修仙世界种田-第一条消息\FirstMes.scss", "SCSS", 0, 0, 0, 0, 0, 219, 0, 0, 0, 12, 36, 267
"k:\AiChat\tavern_helper_template\src\什么我要在玄幻修仙世界种田-第一条消息\FirstMes.ts", "TypeScript", 0, 0, 15, 0, 0, 0, 0, 0, 0, 2, 4, 21
"k:\AiChat\tavern_helper_template\src\什么我要在玄幻修仙世界种田-第一条消息\Test.html", "HTML", 0, 0, 0, 0, 0, 0, 818, 0, 0, 29, 111, 958
"k:\AiChat\tavern_helper_template\src\什么我要在玄幻修仙世界种田-第一条消息\core\chat.ts", "TypeScript", 0, 0, 117, 0, 0, 0, 0, 0, 0, 10, 13, 140
"k:\AiChat\tavern_helper_template\src\什么我要在玄幻修仙世界种田-第一条消息\core\main.ts", "TypeScript", 0, 0, 285, 0, 0, 0, 0, 0, 0, 25, 41, 351
"k:\AiChat\tavern_helper_template\src\什么我要在玄幻修仙世界种田-第一条消息\data\constants.ts", "TypeScript", 0, 0, 78, 0, 0, 0, 0, 0, 0, 0, 14, 92
"k:\AiChat\tavern_helper_template\src\什么我要在玄幻修仙世界种田-第一条消息\models\types.ts", "TypeScript", 0, 0, 20, 0, 0, 0, 0, 0, 0, 1, 4, 25
"k:\AiChat\tavern_helper_template\src\什么我要在玄幻修仙世界种田-第一条消息\regex-第一条消息正则v0_3_1.json", "JSON", 0, 0, 0, 0, 18, 0, 0, 0, 0, 0, 0, 18
"k:\AiChat\tavern_helper_template\src\什么我要在玄幻修仙世界种田-第一条消息\ui\characterName.ts", "TypeScript", 0, 0, 40, 0, 0, 0, 0, 0, 0, 0, 9, 49
"k:\AiChat\tavern_helper_template\src\什么我要在玄幻修仙世界种田-第一条消息\ui\renderer.ts", "TypeScript", 0, 0, 49, 0, 0, 0, 0, 0, 0, 1, 4, 54
"k:\AiChat\tavern_helper_template\src\什么我要在玄幻修仙世界种田-第一条消息\ui\tabs.ts", "TypeScript", 0, 0, 11, 0, 0, 0, 0, 0, 0, 0, 3, 14
"k:\AiChat\tavern_helper_template\src\什么我要在玄幻修仙世界种田-第一条消息\ui\versionChecker.ts", "TypeScript", 0, 0, 27, 0, 0, 0, 0, 0, 0, 3, 6, 36
"k:\AiChat\tavern_helper_template\src\什么我要在玄幻修仙世界种田\Test.json", "JSON", 0, 0, 0, 0, 93, 0, 0, 0, 0, 0, 1, 94
"k:\AiChat\tavern_helper_template\src\什么我要在玄幻修仙世界种田\Test.yaml", "YAML", 0, 0, 0, 35, 0, 0, 0, 0, 0, 0, 1, 36
"k:\AiChat\tavern_helper_template\src\什么我要在玄幻修仙世界种田\index.html", "HTML", 0, 0, 0, 0, 0, 0, 296, 0, 0, 67, 36, 399
"k:\AiChat\tavern_helper_template\src\什么我要在玄幻修仙世界种田\index.scss", "SCSS", 0, 0, 0, 0, 0, 475, 0, 0, 0, 34, 83, 592
"k:\AiChat\tavern_helper_template\src\什么我要在玄幻修仙世界种田\index.ts", "TypeScript", 0, 0, 1837, 0, 0, 0, 0, 0, 0, 47, 258, 2142
"k:\AiChat\tavern_helper_template\src\什么我要在玄幻修仙世界种田\parser.ts", "TypeScript", 0, 0, 28, 0, 0, 0, 0, 0, 0, 9, 10, 47
"k:\AiChat\tavern_helper_template\src\什么我要在玄幻修仙世界种田\pokedex-data.json", "JSON", 0, 0, 0, 0, 338, 0, 0, 0, 0, 0, 1, 339
"k:\AiChat\tavern_helper_template\src\什么我要在玄幻修仙世界种田\pokedex.ts", "TypeScript", 0, 0, 222, 0, 0, 0, 0, 0, 0, 78, 47, 347
"k:\AiChat\tavern_helper_template\src\什么我要在玄幻修仙世界种田\prompts.md", "Markdown", 224, 0, 0, 0, 0, 0, 0, 0, 0, 0, 55, 279
"k:\AiChat\tavern_helper_template\src\什么我要在玄幻修仙世界种田\regex-状态栏v0_3_1.json", "JSON", 0, 0, 0, 0, 18, 0, 0, 0, 0, 0, 0, 18
"k:\AiChat\tavern_helper_template\src\什么我要在玄幻修仙世界种田\regex-隐藏发送的变量.json", "JSON", 0, 0, 0, 0, 18, 0, 0, 0, 0, 0, 0, 18
"k:\AiChat\tavern_helper_template\src\什么我要在玄幻修仙世界种田\systems.ts", "TypeScript", 0, 0, 292, 0, 0, 0, 0, 0, 0, 28, 33, 353
"k:\AiChat\tavern_helper_template\src\什么我要在玄幻修仙世界种田\test.html", "HTML", 0, 0, 0, 0, 0, 0, 522, 0, 0, 11, 74, 607
"k:\AiChat\tavern_helper_template\src\什么我要在玄幻修仙世界种田\version.ts", "TypeScript", 0, 0, 109, 0, 0, 0, 0, 0, 0, 22, 18, 149
"k:\AiChat\tavern_helper_template\src\什么我要在玄幻修仙世界种田\什么？我要在玄幻修仙世界种田？.json", "JSON", 0, 0, 0, 0, 1, 0, 0, 0, 0, 0, 0, 1
"k:\AiChat\tavern_helper_template\src\什么我要在玄幻修仙世界种田\角色介绍.md", "Markdown", 38, 0, 0, 0, 0, 0, 0, 0, 0, 0, 10, 48
"k:\AiChat\tavern_helper_template\src\什么我要在玄幻修仙世界种田\项目总结和介绍.md", "Markdown", 51, 0, 0, 0, 0, 0, 0, 0, 0, 0, 32, 83
"k:\AiChat\tavern_helper_template\version.json", "JSON", 0, 0, 0, 0, 8, 0, 0, 0, 0, 0, 1, 9
"k:\AiChat\tavern_helper_template\vite.config.ts", "TypeScript", 0, 0, 101, 0, 0, 0, 0, 0, 0, 25, 11, 137
"k:\AiChat\tavern_helper_template\webpack.xuanhuan-0.config.ts", "TypeScript", 0, 0, 243, 0, 0, 0, 0, 0, 0, 0, 10, 253
"k:\AiChat\tavern_helper_template\初始模板\前端界面\导入到酒馆中\界面-实时修改.json", "JSON", 0, 0, 0, 0, 15, 0, 0, 0, 0, 0, 1, 16
"k:\AiChat\tavern_helper_template\初始模板\前端界面\新建为src文件夹中的文件夹\index.html", "HTML", 0, 0, 0, 0, 0, 0, 2, 0, 0, 0, 1, 3
"k:\AiChat\tavern_helper_template\初始模板\前端界面\新建为src文件夹中的文件夹\index.scss", "SCSS", 0, 0, 0, 0, 0, 0, 0, 0, 0, 0, 1, 1
"k:\AiChat\tavern_helper_template\初始模板\前端界面\新建为src文件夹中的文件夹\index.ts", "TypeScript", 0, 0, 1, 0, 0, 0, 0, 0, 0, 0, 1, 2
"k:\AiChat\tavern_helper_template\初始模板\脚本\导入到酒馆中\脚本-实时修改.json", "JSON", 0, 0, 0, 0, 7, 0, 0, 0, 0, 0, 1, 8
"k:\AiChat\tavern_helper_template\初始模板\脚本\新建为src文件夹中的文件夹\index.ts", "TypeScript", 0, 0, 0, 0, 0, 0, 0, 0, 0, 0, 1, 1
"Total", "-", 5263, 15, 13304, 5243, 14510, 1898, 14137, 112, 4139, 2438, 5728, 66787